{
  "model": "RandomForestClassifier",
  "phase2_reproducible_split": "70% train, 15% validation, 15% test",
  "random_state": 42,
  "n_estimators": 200,
  "max_depth": 12,
  "min_samples_leaf": 50,
  "class_weight": "balanced_subsample",
  "selected_threshold_from_validation": 0.561498,
  "validation_default_0_5": {
    "threshold": 0.5,
    "accuracy": 0.616453,
    "precision": 0.154784,
    "recall": 0.642368,
    "f1": 0.249459,
    "roc_auc": 0.676763,
    "confusion_matrix": [
      [
        82907,
        52209
      ],
      [
        5323,
        9561
      ]
    ]
  },
  "validation_selected_threshold": {
    "threshold": 0.561498,
    "accuracy": 0.7266,
    "precision": 0.17871,
    "recall": 0.488175,
    "f1": 0.26164,
    "roc_auc": 0.676763,
    "confusion_matrix": [
      [
        101724,
        33392
      ],
      [
        7618,
        7266
      ]
    ]
  },
  "test_default_0_5": {
    "threshold": 0.5,
    "accuracy": 0.617673,
    "precision": 0.154008,
    "recall": 0.634977,
    "f1": 0.247892,
    "roc_auc": 0.675973,
    "confusion_matrix": [
      [
        83200,
        51916
      ],
      [
        5433,
        9451
      ]
    ]
  },
  "test_selected_threshold": {
    "threshold": 0.561498,
    "accuracy": 0.726247,
    "precision": 0.17732,
    "recall": 0.483271,
    "f1": 0.259446,
    "roc_auc": 0.675973,
    "confusion_matrix": [
      [
        101744,
        33372
      ],
      [
        7691,
        7193
      ]
    ]
  },
  "test_classification_report_selected_threshold": {
    "0": {
      "precision": 0.9297208388541143,
      "recall": 0.7530122265312769,
      "f1-score": 0.8320881942825832,
      "support": 135116.0
    },
    "1": {
      "precision": 0.17732035005546654,
      "recall": 0.4832706261757592,
      "f1-score": 0.25944561669281685,
      "support": 14884.0
    },
    "accuracy": 0.7262466666666667,
    "macro avg": {
      "precision": 0.5535205944547904,
      "recall": 0.6181414263535181,
      "f1-score": 0.5457669054877,
      "support": 150000.0
    },
    "weighted avg": {
      "precision": 0.8550626463522538,
      "recall": 0.7262466666666667,
      "f1-score": 0.7752667801169426,
      "support": 150000.0
    }
  }
}