{
  "model": "RandomForestClassifier",
  "n_estimators": 200,
  "max_depth": 12,
  "min_samples_leaf": 50,
  "class_weight": "balanced_subsample",
  "random_state": 42,
  "selected_threshold_from_validation": 0.571637,
  "validation_default_0_5": {
    "threshold": 0.5,
    "accuracy": 0.607993,
    "precision": 0.152251,
    "recall": 0.646541,
    "f1": 0.246464,
    "roc_auc": 0.674384,
    "confusion_matrix": [
      [
        68592,
        45018
      ],
      [
        4420,
        8085
      ]
    ]
  },
  "validation_selected_threshold": {
    "threshold": 0.5716,
    "accuracy": 0.756429,
    "precision": 0.186771,
    "recall": 0.434226,
    "f1": 0.261196,
    "roc_auc": 0.674384,
    "confusion_matrix": [
      [
        89967,
        23643
      ],
      [
        7075,
        5430
      ]
    ]
  },
  "test_default_0_5": {
    "threshold": 0.5,
    "accuracy": 0.607913,
    "precision": 0.153043,
    "recall": 0.651631,
    "f1": 0.247871,
    "roc_auc": 0.67651,
    "confusion_matrix": [
      [
        68519,
        45092
      ],
      [
        4356,
        8148
      ]
    ]
  },
  "test_selected_threshold": {
    "threshold": 0.5716,
    "accuracy": 0.757269,
    "precision": 0.186713,
    "recall": 0.431542,
    "f1": 0.260651,
    "roc_auc": 0.67651,
    "confusion_matrix": [
      [
        90107,
        23504
      ],
      [
        7108,
        5396
      ]
    ]
  },
  "test_classification_report_selected_threshold": {
    "0": {
      "precision": 0.9268837113614155,
      "recall": 0.7931186240768939,
      "f1-score": 0.8547996926375305,
      "support": 113611.0
    },
    "1": {
      "precision": 0.1867128027681661,
      "recall": 0.4315419065898912,
      "f1-score": 0.2606511448169259,
      "support": 12504.0
    },
    "accuracy": 0.7572691591008207,
    "macro avg": {
      "precision": 0.5567982570647908,
      "recall": 0.6123302653333926,
      "f1-score": 0.5577254187272283,
      "support": 126115.0
    },
    "weighted avg": {
      "precision": 0.8534975396843747,
      "recall": 0.7572691591008207,
      "f1-score": 0.7958912880706761,
      "support": 126115.0
    }
  }
}